"DESCRIPTION","DURATION IN MS","NAME","PARENT SUITE","START TIME","STATUS","STOP TIME","SUB SUITE","SUITE","TEST CLASS","TEST METHOD"
"","751","changeUserNameWithInvalidData(String) [2] invalidName=Иван Иванов","","2026-08-01","passed","2026-08-01","","api.iteration2.UserUpdateCustomProfileTest","api.iteration2.UserUpdateCustomProfileTest","changeUserNameWithInvalidData"
"","916","userAddDepositWithCorrectData(double) [2] balance=5000.0","","2026-08-01","passed","2026-08-01","","api.iteration2.UserMoneyDepositTest","api.iteration2.UserMoneyDepositTest","userAddDepositWithCorrectData"
"","2565","userTransferMoneyYourAccounts()","","2026-08-01","passed","2026-08-01","","api.iteration2.UserMoneyTransferTest","api.iteration2.UserMoneyTransferTest","userTransferMoneyYourAccounts"
"","782","successChangeUserName()","","2026-08-01","passed","2026-08-01","","api.iteration2.UserUpdateCustomProfileTest","api.iteration2.UserUpdateCustomProfileTest","successChangeUserName"
"","414","userCanGenerateAuthTokenTest()","","2026-08-01","passed","2026-08-01","","api.iteration1.LoginUserTest","api.iteration1.LoginUserTest","userCanGenerateAuthTokenTest"
"","793","changeUserNameWithInvalidData(String) [3] invalidName=John Smith Jr","","2026-08-01","passed","2026-08-01","","api.iteration2.UserUpdateCustomProfileTest","api.iteration2.UserUpdateCustomProfileTest","changeUserNameWithInvalidData"
"","1692","userMoneyTransferWithCorrectData(double, double) invalidBalance=5000.0, maxAllowBalance=5000.0","","2026-08-01","passed","2026-08-01","","api.iteration2.UserMoneyTransferTest","api.iteration2.UserMoneyTransferTest","userMoneyTransferWithCorrectData"
"","864","userAddDepositWithCorrectData(double) [1] balance=0.01","","2026-08-01","passed","2026-08-01","","api.iteration2.UserMoneyDepositTest","api.iteration2.UserMoneyDepositTest","userAddDepositWithCorrectData"
"","611","userCanCreateAccountTest()","","2026-08-01","passed","2026-08-01","","api.iteration1.CreateAccountTest","api.iteration1.CreateAccountTest","userCanCreateAccountTest"
"","766","changeUserNameWithInvalidData(String) [1] invalidName=JohnSmith","","2026-08-01","passed","2026-08-01","","api.iteration2.UserUpdateCustomProfileTest","api.iteration2.UserUpdateCustomProfileTest","changeUserNameWithInvalidData"
"","4274","userMoneyTransferWithCorrectData(double, double) invalidBalance=0.01, maxAllowBalance=5000.0","","2026-08-01","passed","2026-08-01","","api.iteration2.UserMoneyTransferTest","api.iteration2.UserMoneyTransferTest","userMoneyTransferWithCorrectData"
"","1844","userMoneyTransferWithCorrectData(double, double) invalidBalance=10000.0, maxAllowBalance=5000.0","","2026-08-01","passed","2026-08-01","","api.iteration2.UserMoneyTransferTest","api.iteration2.UserMoneyTransferTest","userMoneyTransferWithCorrectData"
"","1291","userAddDepositOtherUser()","","2026-08-01","passed","2026-08-01","","api.iteration2.UserMoneyDepositTest","api.iteration2.UserMoneyDepositTest","userAddDepositOtherUser"
"","775","userAddDepositWithCorrectData(double) [3] balance=1000.0","","2026-08-01","passed","2026-08-01","","api.iteration2.UserMoneyDepositTest","api.iteration2.UserMoneyDepositTest","userAddDepositWithCorrectData"
"","745","userAddDepositNotExistUser()","","2026-08-01","passed","2026-08-01","","api.iteration2.UserMoneyDepositTest","api.iteration2.UserMoneyDepositTest","userAddDepositNotExistUser"
"","859","userAddDepositWithInvalidData(double, String) [1] balance=-100.0, errorValue=Invalid account or amount","","2026-08-01","passed","2026-08-01","","api.iteration2.UserMoneyDepositTest","api.iteration2.UserMoneyDepositTest","userAddDepositWithInvalidData"
"","751","changeUserNameWithInvalidData(String) [6] invalidName=John. Smith","","2026-08-01","passed","2026-08-01","","api.iteration2.UserUpdateCustomProfileTest","api.iteration2.UserUpdateCustomProfileTest","changeUserNameWithInvalidData"
"","694","changeUserNameWithInvalidData(String) [7] invalidName= John Smith ","","2026-08-01","passed","2026-08-01","","api.iteration2.UserUpdateCustomProfileTest","api.iteration2.UserUpdateCustomProfileTest","changeUserNameWithInvalidData"
"","804","changeUserNameWithInvalidData(String) [4] invalidName=John! Smith","","2026-08-01","passed","2026-08-01","","api.iteration2.UserUpdateCustomProfileTest","api.iteration2.UserUpdateCustomProfileTest","changeUserNameWithInvalidData"
"","205","adminCanNotCreateUserWithInvalidData(String, String, String, String, List) [4] username=abc%, password=Password33$, role=USER, errorKey=username, errorValues=[Username must contain only letters, digits, dashes, underscores, and dots]","","2026-08-01","passed","2026-08-01","","api.iteration1.CreateUserTest","api.iteration1.CreateUserTest","adminCanNotCreateUserWithInvalidData"
"","1554","userMoneyTransferWithInvalidData(double, double, String) invalidBalance=-100.0, maxAllowBalance=5000.0","","2026-08-01","passed","2026-08-01","","api.iteration2.UserMoneyTransferTest","api.iteration2.UserMoneyTransferTest","userMoneyTransferWithInvalidData"
"","1484","userMoneyTransferWithInvalidData(double, double, String) invalidBalance=0.0, maxAllowBalance=5000.0","","2026-08-01","passed","2026-08-01","","api.iteration2.UserMoneyTransferTest","api.iteration2.UserMoneyTransferTest","userMoneyTransferWithInvalidData"
"","273","adminCanCreateUserWithCorrectData()","","2026-08-01","passed","2026-08-01","","api.iteration1.CreateUserTest","api.iteration1.CreateUserTest","adminCanCreateUserWithCorrectData"
"","844","changeUserNameWithInvalidData(String) [5] invalidName=John Smit@h","","2026-08-01","passed","2026-08-01","","api.iteration2.UserUpdateCustomProfileTest","api.iteration2.UserUpdateCustomProfileTest","changeUserNameWithInvalidData"
"","3169","adminCanNotCreateUserWithInvalidData(String, String, String, String, List) [1] username=   , password=Password33$, role=USER, errorKey=username, errorValues=[Username cannot be blank, Username must contain only letters, digits, dashes, underscores, and dots]","","2026-08-01","passed","2026-08-01","","api.iteration1.CreateUserTest","api.iteration1.CreateUserTest","adminCanNotCreateUserWithInvalidData"
"","1347","userTransferMoneyMoreDepositAmount()","","2026-08-01","passed","2026-08-01","","api.iteration2.UserMoneyTransferTest","api.iteration2.UserMoneyTransferTest","userTransferMoneyMoreDepositAmount"
"","1814","userMoneyTransferWithInvalidData(double, double, String) invalidBalance=10001.0, maxAllowBalance=5000.0","","2026-08-01","passed","2026-08-01","","api.iteration2.UserMoneyTransferTest","api.iteration2.UserMoneyTransferTest","userMoneyTransferWithInvalidData"
"","783","userAddDepositWithInvalidData(double, String) [2] balance=0.0, errorValue=Invalid account or amount","","2026-08-01","passed","2026-08-01","","api.iteration2.UserMoneyDepositTest","api.iteration2.UserMoneyDepositTest","userAddDepositWithInvalidData"
"","293","adminCanNotCreateUserWithInvalidData(String, String, String, String, List) [3] username=abc$, password=Password33$, role=USER, errorKey=username, errorValues=[Username must contain only letters, digits, dashes, underscores, and dots]","","2026-08-01","passed","2026-08-01","","api.iteration1.CreateUserTest","api.iteration1.CreateUserTest","adminCanNotCreateUserWithInvalidData"
"","696","changeUserNameWithInvalidData(String) [8] invalidName=John Smit3h","","2026-08-01","passed","2026-08-01","","api.iteration2.UserUpdateCustomProfileTest","api.iteration2.UserUpdateCustomProfileTest","changeUserNameWithInvalidData"
"","231","adminCanNotCreateUserWithInvalidData(String, String, String, String, List) [2] username=ab, password=Password33$, role=USER, errorKey=username, errorValues=[Username must be between 3 and 15 characters]","","2026-08-01","passed","2026-08-01","","api.iteration1.CreateUserTest","api.iteration1.CreateUserTest","adminCanNotCreateUserWithInvalidData"
"","137","adminCanGenerateAuthTokenTest()","","2026-08-01","passed","2026-08-01","","api.iteration1.LoginUserTest","api.iteration1.LoginUserTest","adminCanGenerateAuthTokenTest"
